Price,Close,High,Low,Open,Volume
Ticker,BHP.AX,BHP.AX,BHP.AX,BHP.AX,BHP.AX
Date,,,,,
2023-01-03,38.19708251953125,38.84591605420851,37.860023382651455,38.84591605420851,4480991
2023-01-04,38.79536056518555,38.913330302203626,38.12967051837293,38.17180210810307,7802250
2023-01-05,38.80378723144531,38.96389177937004,38.492009596991764,38.744802360452326,7536105
2023-01-06,40.0340461730957,40.261560615839194,39.57059225540382,39.69699023951718,8106986
2023-01-09,40.44694137573242,40.80927881604475,40.345824922334636,40.44694137573242,5757435
2023-01-10,40.27840805053711,40.48906918387092,40.04246860982206,40.09302843901834,5653577
2023-01-11,40.87668991088867,41.230602329799126,40.859839846857206,40.99466286014828,7432150
2023-01-12,41.60979461669922,41.7109110768439,41.05364926425201,41.28958874273437,8825502
2023-01-13,41.828880310058594,42.08167306457928,41.50024940773827,41.50024940773827,8519896
2023-01-16,41.87101745605469,42.132238491900964,41.592946353514186,41.97213714282823,7479954
2023-01-17,41.40755844116211,41.40755844116211,41.104205846592755,41.163190716155206,8822699
2023-01-18,41.356998443603516,41.356998443603516,40.92724789822003,41.03679259608324,10719741
2023-01-19,41.862586975097656,42.03532745892956,41.230603479959626,41.27273507008197,9277173
2023-01-20,42.0900993347168,42.208069066991044,41.63507046928687,41.87943818010303,14265513
2023-01-23,41.62664794921875,42.014263725632745,41.5339565212862,41.83730911654388,6668982
2023-01-24,41.88786697387695,42.09852814741015,41.78675051062265,41.879441941286764,6310926
2023-01-25,41.491825103759766,41.87101263497903,41.48339685694839,41.87101263497903,6326037
2023-01-27,41.74461364746094,42.30918397830972,41.70248206096139,42.275477423336476,7342731
2023-01-30,41.4833984375,41.76989776575032,41.34857541329011,41.3822819729512,5164802
2023-01-31,41.60979461669922,42.03954198313985,41.52974234459943,41.795174257892086,7053380
2023-02-01,41.7530403137207,42.170148500934864,41.74461528186453,42.11537775778444,7138657
2023-02-02,41.16318893432617,41.63507108483375,40.92724946628947,41.63507108483375,8169398
2023-02-03,40.37110137939453,40.463792796769646,39.89079422975434,40.185718544644295,11000349
2023-02-06,40.61547088623047,41.03679319165935,40.514354432969085,40.817703792753235,6167232
2023-02-07,40.45537185668945,40.75029943927361,40.328977076525845,40.40481523039782,5702069
2023-02-08,40.53120803833008,40.809282327141204,40.37110670547282,40.65760602677775,8159827
2023-02-09,40.54806137084961,40.64918104751391,40.152020554434756,40.27841532861356,6092765
2023-02-10,40.44694137573242,40.86826368172963,40.3373966761316,40.45536640750136,5398202
2023-02-13,40.33739471435547,40.46379268578101,40.135161817395336,40.26155657438694,7354717
2023-02-14,40.21100616455078,40.61547523534101,40.15202129262936,40.43852061957674,5799869
2023-02-15,40.396385192871094,40.657606203394984,40.084607558296014,40.6154746118742,6687104
2023-02-16,40.54806137084961,40.69973767141168,40.24470876972546,40.43851987611485,14993848
2023-02-17,40.44694137573242,41.0704998029593,40.44694137573242,40.95252685715543,11579453
2023-02-20,40.834556579589844,40.944101277725416,40.45536586637752,40.61547039775275,5648269
2023-02-21,40.699729919433594,40.91881929604245,39.69698409176099,40.20256952104736,10859984
2023-02-22,40.73344421386719,41.07050337374346,40.43009161286542,41.03679681486896,6355793
2023-02-23,39.343074798583984,39.89922010009476,39.208251792594524,39.64642736566877,11466587
2023-02-24,38.711097717285156,39.16612664269416,38.53414309554873,38.97231874063504,8171267
2023-02-27,37.539817810058594,38.011699962398545,37.35443817635312,37.81789208226808,12847775
2023-02-28,38.08754348754883,38.16759255328732,37.74205926731401,37.876882299248706,14846139
2023-03-01,38.9470329284668,39.140840793209954,38.13809170090476,38.20550480921573,8470730
2023-03-02,40.489078521728516,40.531210115225186,39.48633245299587,39.654862041417076,14069880
2023-03-03,40.71658706665039,40.98623308316325,40.60704236793139,40.69973378881408,7173000
2023-03-06,40.775569915771484,41.03679088766753,40.25313118641331,40.994659302376924,8392343
2023-03-07,40.387962341308594,40.556491930926796,39.747550543646334,39.983493254885644,8116667
2023-03-08,40.13516616821289,40.43851876097171,39.78968198522297,39.86552013341267,8830392
2023-03-09,40.415916442871094,40.51133982690357,40.03856123579052,40.42458979179428,10555950
2023-03-10,39.0452880859375,40.03421843902474,38.95854137685477,39.90409506622581,8594951
2023-03-13,39.75662612915039,39.98650789301205,39.344570976356444,39.5657793927332,8880337
2023-03-14,39.062644958496094,39.6959053118442,38.71998977176845,39.30554174315423,12069779
2023-03-15,39.52240753173828,39.75662763278831,39.22746406847251,39.62650425136883,7196885
2023-03-16,37.63997268676758,38.2819096159554,37.60961100621528,37.95226614911976,20748235
2023-03-17,37.63997268676758,37.9002161356694,37.41442924683266,37.51852596455839,23112109
2023-03-20,37.2669563293457,38.03901333805175,37.206232967481746,37.60527314806633,6916826
2023-03-21,37.76142120361328,38.1214263681107,37.71370951631,37.952267952826396,6067518
2023-03-22,38.03034591674805,38.03034591674805,37.69202904530581,37.7614257657469,9100946
2023-03-23,37.74407196044922,37.861183671349366,37.36238176349089,37.61395188177432,7500179
2023-03-24,37.85683822631836,37.88286157532643,37.52719479912622,37.57924480631696,7213653
2023-03-27,37.77876663208008,38.151783428074296,37.59659656217818,38.08238672442466,6404693
2023-03-28,38.51612854003906,38.646248605940784,38.10841172002892,38.15178507532949,10442357
2023-03-29,39.03662109375,39.1407178234309,38.56818084642291,38.654930878803135,6527061
2023-03-30,39.97350311279297,40.103623202562375,39.76530633631622,39.88675307710454,14229374
2023-03-31,40.97109603881836,40.97109603881836,40.59807922808722,40.76290261046951,14156069
2023-04-03,40.74555969238281,41.28339666985322,40.36386615874053,41.1012265610742,8197286
2023-04-04,39.85205078125,40.398564392684314,39.80867742047671,40.38121438653994,8571794
2023-04-05,39.244815826416016,39.322889196920386,38.975895703750936,39.07999242803169,6957691
2023-04-06,39.07999038696289,39.344572167121605,38.96721701119646,39.12336374404997,5314949
2023-04-11,39.88675308227539,39.9388031036952,39.45301283130348,39.51373620170551,7264777
2023-04-12,40.632781982421875,41.118572196697386,40.57205861928433,40.73687870363266,6903564
2023-04-13,40.251094818115234,40.75423176602462,40.01687469593876,40.50266163748225,6672342
2023-04-14,40.294464111328125,40.320487463661976,39.80000056193487,40.16434073130884,5209160
2023-04-17,40.433265686035156,40.433265686035156,39.85205204389728,40.12097218389247,5388651
2023-04-18,40.4072380065918,40.64145479895979,40.12096789053637,40.476634716766554,5605297
2023-04-19,41.005802154541016,41.222672271726545,40.8496554054334,40.98845214806513,6489493
2023-04-20,39.95615005493164,40.598083724135776,39.90410003749269,40.598083724135776,9075462
2023-04-21,39.0539665222168,39.43565669242093,38.94986980473839,39.210113253021895,11874227
2023-04-24,38.31660842895508,38.46408182061028,38.03901496026018,38.091064976581166,8411479
2023-04-26,38.16913986206055,38.16913986206055,37.032739279409725,37.084789297797464,13915568
2023-04-27,38.45541000366211,38.559506731273736,38.151789860129846,38.516133370533495,4814023
2023-04-28,38.51612854003906,38.819745336317965,38.39467851235261,38.741671973106975,6597162
2023-05-01,38.325286865234375,38.715653732823746,38.23854014318133,38.51613362476147,4290829
2023-05-02,37.848175048828125,38.377338681999575,37.71371332141827,38.26456529070677,6482904
2023-05-03,37.53588104248047,37.666001129931225,37.26696090040154,37.64865443227814,8587904
2023-05-04,38.14311599731445,38.45540948511354,37.8828692180317,37.969619247517706,6629353
2023-05-05,38.2125129699707,38.2125129699707,37.57925264173194,37.596602647746394,7426260
2023-05-08,38.79372787475586,39.24481811855249,38.516134387677226,39.21011810537381,6748888
2023-05-09,38.57685089111328,38.75902096411972,38.49877752994269,38.602874241778544,6594143
2023-05-10,38.559505462646484,38.8110755795085,38.39468206441094,38.74167555726717,6813433
2023-05-11,38.16913986206055,38.46408334790711,37.92624639460171,38.23853988657753,5172770
2023-05-12,37.71804428100586,37.8568410011802,37.35370413148879,37.47515084799448,8010239
2023-05-15,38.03901672363281,38.35998687539531,37.79612325455877,38.255886837927584,5406693
2023-05-16,38.23854064941406,38.733004251848264,38.16046727486259,38.733004251848264,6563607
2023-05-17,37.926246643066406,38.30793685288445,37.59660314280177,37.86552327580389,5976638
2023-05-18,38.37733459472656,38.672278064958725,38.22986120502292,38.368657937533634,7085937
2023-05-19,38.30793380737305,38.52480390440509,38.151787072775974,38.39468052251584,5566422
2023-05-22,38.34263610839844,38.55950621839031,38.18648936447026,38.18648936447026,3744039
2023-05-23,37.99563980102539,38.58552672134718,37.99563980102539,38.212509894991484,6074250
2023-05-24,37.1455078125,37.98696479938825,37.1455078125,37.95226479166247,7687785
2023-05-25,36.564300537109375,36.85924400832737,36.434177152181526,36.434177152181526,8830964
2023-05-26,37.08478927612305,37.214912667428685,36.52960231701288,36.58164902619489,5807509
2023-05-29,37.613956451416016,38.047696718043646,37.53588307105602,37.82214992625893,4706217
2023-05-30,37.72672653198242,37.90889663375525,37.518529766259675,37.6573265070164,4308022
2023-05-31,36.45153045654297,37.25828757409188,36.45153045654297,37.197564204743074,18347565
2023-06-01,36.49489974975586,36.703096499433904,36.13923292215279,36.41682638227348,9798349
2023-06-02,37.51852798461914,37.63563638471903,36.96334104795639,37.20623450545255,8834326
2023-06-05,38.16913986206055,38.54215672090107,37.95226974920793,38.47275669638409,7413303
2023-06-06,37.822147369384766,38.33396098177248,37.78745066537361,37.87419738916459,7796328
2023-06-07,37.83949661254883,38.3686602208537,37.83949661254883,38.177813461353495,6474232
2023-06-08,38.28190994262695,38.516130041389765,38.04768984386414,38.38600666124097,8795375
2023-06-09,38.79372787475586,38.91517461170584,38.46408436790921,38.646254473334174,7375208
2023-06-13,38.42070770263672,38.50745441894959,37.99564085068337,38.238537612874616,6726737
2023-06-14,39.817352294921875,39.817352294921875,39.25348870259574,39.34023542025738,13352551
2023-06-15,40.1209716796875,40.337841796875,39.800004832819106,40.18169504776597,10197326
2023-06-16,40.26844024658203,40.53736037301751,39.904100051903555,40.43326364727727,18505094
2023-06-19,39.990848541259766,40.20771865983314,39.80867843586023,40.0255485544336,7600279
2023-06-20,40.528690338134766,40.7282104576051,40.06892341927437,40.07760007748098,5715228
2023-06-21,40.09494400024414,40.199040718698,39.704577169573376,39.817350544917154,7984776
2023-06-22,39.140716552734375,39.85205024928202,39.0626431807145,39.82602689500048,6908090
2023-06-23,38.68962478637695,39.279511727228275,38.620228074663636,39.04529162049244,5048299
2023-06-26,38.559505462646484,38.70697554614651,38.12576525116379,38.637578833080376,6851721
2023-06-27,39.13203811645508,39.17541147101004,38.46407786694931,38.75902131076777,7133135
2023-06-28,39.40095901489258,39.68722914136553,39.06264218118831,39.12336554574163,10787833
2023-06-29,38.99324035644531,39.46168051516537,38.99324035644531,39.18408377323239,7508590
2023-06-30,39.0279426574707,39.28818610233565,38.85444592450242,39.210112737958674,9492337
2023-07-03,39.26216506958008,39.41831182071736,38.82842482957105,38.84577483627246,7235631
2023-07-04,39.21011734008789,39.46168746696018,39.12770563769086,39.38361409341965,4521034
2023-07-05,39.03662109375,39.34023793414235,39.01927108727396,39.1407178234309,6991874
2023-07-06,38.14311599731445,38.7763763212736,37.83949585787633,38.602879571476855,10352745
2023-07-07,37.47515869140625,37.75275218985421,37.13684182199626,37.39708531314429,9127205
2023-07-10,37.05876541137695,37.90889584445832,37.041415405496686,37.57925235108383,5977306
2023-07-11,37.58793258666992,37.58793258666992,37.35371244875344,37.47515919230075,5472768
2023-07-12,38.229862213134766,38.255885567049525,37.978292094708024,38.21251220746652,6235054
2023-07-13,38.802398681640625,38.993245432446194,38.62022858814905,38.75034866528224,9237207
2023-07-14,39.48770523071289,39.687225310583145,39.253485143254366,39.400955211742215,7956094
2023-07-17,39.26216506958008,39.57445857185464,39.132044983082615,39.383615116489956,5315765
2023-07-18,38.88047409057617,38.92384745189518,38.53348058167346,38.698303987531155,5204745
2023-07-19,38.75035095214844,39.20144119301683,38.42071075661703,39.13204447628535,7739497
2023-07-20,38.706974029541016,39.08866751856251,38.66360067192723,39.019267499040396,7249563
2023-07-21,39.0539665222168,39.22746325746412,38.7416730606066,38.80239642156692,8754963
2023-07-24,38.464080810546875,39.1840878169497,38.455407462642064,39.1060177582811,6941458
2023-07-25,39.747955322265625,40.12097219333772,39.14071832453138,39.26216506224314,10147818
2023-07-26,40.667484283447266,40.945077761763606,40.45061417168917,40.79760436499695,9244185
2023-07-27,40.06024932861328,40.62411297128566,39.99952595899323,40.259769444389924,8916116
2023-07-28,39.7306022644043,40.22506583521518,39.392285432710025,40.103619106830074,8009337
2023-07-31,39.91277313232422,40.20771661092124,39.67855632827459,39.78265305331612,6533861
2023-08-01,40.225067138671875,40.6414573534172,40.21639379029553,40.29446716238373,5961057
2023-08-02,39.77397918701172,40.22506943941386,39.713255817378304,39.956152605087425,5048340
2023-08-03,39.3055419921875,39.64385885208922,39.10602187760894,39.46168874432297,8449051
2023-08-04,39.7306022644043,39.964822373079215,39.45300879690258,39.78265228050156,6515484
2023-08-07,39.53108215332031,39.70457889774501,39.46168544105553,39.60915552285267,2536128
2023-08-08,39.314212799072266,39.80867637913899,39.314212799072266,39.7132530024287,5029719
2023-08-09,39.470359802246094,39.60915653951336,39.132042961980595,39.21011633351688,6610602
2023-08-10,39.71324920654297,39.79132257010029,39.435655760378026,39.435655760378026,7796959
2023-08-11,39.66987991333008,39.76530329069113,39.34891307880447,39.400959787055776,6653992
2023-08-14,38.81975173950195,39.539762131119275,38.785051725867895,39.426988741396286,7113256
2023-08-15,38.706974029541016,38.949870788693346,38.516130594205336,38.516130594205336,6876435
2023-08-16,37.3970832824707,38.04769362960018,37.3970832824707,37.97829360416887,11964828
2023-08-17,37.3970832824707,37.553230030515806,37.14551315404522,37.31033325068156,10834814
2023-08-18,37.90021896362305,38.16046574111837,37.79178390939174,37.822145592209495,11915091
2023-08-21,37.75274658203125,38.056363391741876,37.535876486759356,37.82214329174723,5588917
2023-08-22,37.48382568359375,37.70069577430073,36.998038798282074,37.04141215458848,9947256
2023-08-23,38.19516372680664,38.46408386163873,37.301659908856195,37.301659908856195,9795378
2023-08-24,37.97828674316406,38.44238857457331,37.80479332927911,38.203833475894115,7925377
2023-08-25,37.319007873535156,37.544551325537896,37.17153448212265,37.30165786812338,8985034
2023-08-28,37.77876663208008,38.021663367790694,37.36237648265799,37.45779984570415,7235570
2023-08-29,38.247215270996094,38.247215270996094,37.83082502925519,37.85684838524666,6844628
2023-08-30,38.802398681640625,38.9845687751322,38.47275519638788,38.51613186460745,8197995
2023-08-31,38.906494140625,38.92818247402986,38.48143060296026,38.698300700308614,12891810
2023-09-01,38.81107711791992,38.90649718852125,38.35131022528468,38.516133630053574,6684944
2023-09-04,39.843379974365234,39.982176723198755,39.30554298628227,39.314216335320076,7523214
2023-09-05,39.990848541259766,40.03422521231475,39.44433822506115,39.91277516620634,6122386
2023-09-06,39.990848541259766,40.138321942660866,39.78265508056755,40.12097193607395,9965206
2023-09-07,38.97492218017578,39.679342789872926,38.93925453884729,39.59017708800517,10821356
2023-09-08,38.51125717163086,38.966011143637395,38.324007136782924,38.72525964106697,8858924
2023-09-11,38.93033981323242,39.108674620638524,38.29725447832162,38.60042263047593,6907148
2023-09-12,39.40292739868164,39.55451318793875,38.99275968896868,39.420761221032706,5811744
2023-09-13,39.05517578125,39.44751306418675,39.02842674885113,39.16217531229922,5459680
2023-09-14,39.358341217041016,39.59017748655665,38.8055063766979,38.84117401838546,7838917
2023-09-15,40.73151779174805,40.99901832108709,40.339183908814356,40.3926819738099,19052173
2023-09-18,40.8028450012207,40.918763131178395,40.55317832265342,40.669096452611115,5453194
2023-09-19,40.21434783935547,40.58885130797784,40.125182128540246,40.49076698520879,10121575
2023-09-20,39.80418014526367,39.94684732350479,39.447513900387804,39.929013501042924,9949035
2023-09-21,39.32267379760742,39.81309536994949,39.180006631504334,39.41184290233032,8733540
2023-09-22,39.536678314208984,39.536678314208984,38.39534092572259,38.45775760156459,13377059
2023-09-25,39.36726379394531,39.47426332833333,39.05963630594417,39.41184664981917,5259499
2023-09-26,38.609336853027344,39.02842312949844,38.609336853027344,38.87683735657027,6589054
2023-09-27,38.77875900268555,38.89467374094141,38.48450604837373,38.59150557655363,6325666
2023-09-28,38.99275588989258,39.349425499255744,38.77875684543747,38.814421085210995,8776509
2023-09-29,39.45642852783203,39.96468055539628,39.41184567306309,39.83092858963567,9690760
2023-10-02,39.76850891113281,39.79526134313806,39.37617505674231,39.45642554985099,6720263
2023-10-03,39.090843200683594,39.11759223292868,38.636092645248446,39.073009378702295,10731286
2023-10-04,38.98384094238281,39.08192525568973,38.653920360995265,38.859007598702554,8203989
2023-10-05,38.725257873535156,38.94817554335682,38.49342159210656,38.78767454896893,6895227
2023-10-06,39.20676040649414,39.3583427875345,38.80550792513193,38.95709030617228,5855340
2023-10-09,39.260257720947266,39.90226167888271,39.135424373893954,39.78634354171023,5555127
2023-10-10,39.36726379394531,39.501012361566865,39.11759367843478,39.21567800222957,6672415
2023-10-11,39.884429931640625,40.07167996195752,39.79526422238128,39.91117896412768,7477841
2023-10-12,39.982513427734375,40.07167913515396,39.795263401281034,40.027096281444166,5695088
2023-10-13,40.13409423828125,40.24109716473708,39.723926557894636,39.76850940985778,5382751
2023-10-16,40.28567886352539,40.34809553477783,40.116262670333555,40.18759455114199,4294332
2023-10-17,40.6334342956543,40.91876865293642,40.48185190648422,40.66018332869517,6737187
2023-10-18,40.90985107421875,41.007935391629175,40.54426623752313,40.838515788300754,7545219
2023-10-19,40.330265045166016,40.39268172157357,39.98251401905144,40.08951354982813,8036241
2023-10-20,39.61692428588867,39.87550957137981,39.50992476830567,39.6258394950817,9907654
2023-10-23,38.662845611572266,38.94817998939941,38.47559556389585,38.79659418786081,6438683
2023-10-24,38.86792755126953,39.001679522364554,38.68067751289963,38.876842761997366,5914150
2023-10-25,39.875511169433594,40.03601215296701,39.38508960782956,39.750677827008374,8532512
2023-10-26,40.06276321411133,40.205430384323364,39.71501219931035,39.9379298653575,9027716
2023-10-27,40.178680419921875,40.29459515452826,39.91117650571376,40.06276228386193,5631295
2023-10-30,40.2232666015625,40.6156004926504,40.07168081086578,40.57101763707625,7990129
2023-10-31,39.679344177246094,40.52643198042184,39.47426033461678,40.481849127929145,11329509
2023-11-01,40.29459762573242,40.36147360838585,39.83984706630591,39.85768088844374,6281691
2023-11-02,40.464012145996094,40.829596950206174,40.26784352860662,40.74042785073217,8806462
2023-11-03,40.571014404296875,40.90985020227822,40.50859773117578,40.838514917880644,6766318
2023-11-06,40.51751708984375,40.51751708984375,40.089515543993215,40.4105175537446,9127994
2023-11-07,40.624515533447266,40.69584741580454,40.241096886597944,40.51751260773103,4608816
2023-11-08,39.85768127441406,39.99142983956232,39.29146847077961,39.973599418705604,11422915
2023-11-09,40.08060073852539,40.241101745023954,39.90226590892098,40.00926544610204,7626532
2023-11-10,40.36593246459961,40.48185060647728,40.267848144661095,40.38376628653877,4799475
2023-11-13,40.481849670410156,40.83851589658491,40.41051438430301,40.73151636887785,4585409
2023-11-14,41.03468322753906,41.12384893088499,40.72259646292122,40.874182240353555,6164940
2023-11-15,41.76585006713867,41.98876771194589,41.667765759190964,41.801517706656625,9346736
2023-11-16,41.51618957519531,41.774771496570104,41.32893614057062,41.64993814112286,8478184
2023-11-17,41.56077194213867,41.71235432869947,41.480521442943605,41.50727047552403,7512340
2023-11-20,41.67668914794922,41.67668914794922,41.26651804937409,41.5518523953241,5115952
2023-11-21,42.26519012451172,42.50593820647014,41.68560284206204,41.730185694222726,9578236
2023-11-22,42.65752410888672,42.7377746035894,42.532690761894465,42.550524583101016,4959138
2023-11-23,42.042274475097656,42.40785932264399,41.54293766321208,42.372191678626365,4978743
2023-11-24,42.09577560424805,42.283025646791806,41.939733902128246,42.042277535780684,3029644
2023-11-27,41.48051834106445,42.06010221284019,41.40026784787045,42.033353182260036,5097099
2023-11-28,41.4002685546875,41.72127053294389,41.17735089217096,41.25760138673506,5188165
2023-11-29,41.1862678527832,41.480520812510896,41.06143450070009,41.25760314051855,5425849
2023-11-30,41.28435134887695,41.391350876891096,40.972267974896674,41.01685082811476,16341608
2023-12-01,41.32001495361328,41.40918065133483,40.972263970464574,40.972263970464574,4027499
2023-12-04,42.03335189819336,42.443519561342114,41.88622543158997,42.0868533591728,7169376
2023-12-05,41.48051834106445,41.52510119251589,41.15060115857958,41.40026784787045,6534992
2023-12-06,42.11360168457031,42.26518745408335,41.40918109999647,41.55184825876872,9483742
2023-12-07,42.283023834228516,42.283023834228516,41.667772263050104,41.81935805393554,5849168
2023-12-08,42.568355560302734,42.62185361889457,42.27410263223417,42.39002076160543,4648832
2023-12-11,42.3900260925293,42.64861141308714,42.28302315898232,42.46135798010682,4567761
2023-12-12,42.40785598754883,42.53268933033947,42.15818590051405,42.19385354172666,5419360
2023-12-13,42.68427276611328,42.79127569241539,42.36327079011411,42.43460607431551,6416952
2023-12-14,43.023109436035156,43.335192807114055,42.92502511899503,43.05877707885949,10044475
2023-12-15,44.05744934082031,44.36061751618506,43.38869631293812,43.4778620227409,24818255
2023-12-18,43.995033264160156,44.10203279767469,43.754281762662075,43.914782763660796,4472151
2023-12-19,44.24470138549805,44.29820285468641,43.87911651634578,43.95936701940135,5335300
2023-12-20,44.40520095825195,44.538952926178496,44.137700423852706,44.36061810276105,6713871
2023-12-21,44.35170364379883,44.46761838974862,43.75428248544496,44.03961684716643,8985068
2023-12-22,44.34278106689453,44.58353255084352,44.32494724569976,44.51219726606445,10576800
2023-12-27,44.81536865234375,45.11853683159041,44.49437005207126,44.58353576301576,5435683
2023-12-28,45.22554016113281,45.332539695490716,44.77078618756745,44.81536904342876,5086835
2023-12-29,44.949119567871094,45.038285276728054,44.77970336046137,44.8153676031319,4818598
2024-01-02,45.06503677368164,45.1229941430884,44.672699499378375,44.69945193264231,3375905
2024-01-03,44.378448486328125,44.79753477866573,44.33386563429198,44.761867136455386,4483073
2024-01-04,44.20903015136719,44.70836351236469,44.20903015136719,44.70836351236469,4458375
2024-01-05,43.75428009033203,44.2090340429319,43.709697236526125,44.048533048067675,3992737
2024-01-08,43.38869857788086,43.91032515050959,43.263865217059006,43.79886630671094,3513478
2024-01-09,43.66511535644531,43.94153109707817,43.602698679434425,43.66511535644531,3967771
2024-01-10,42.67536163330078,43.20144749945819,42.666443021196784,43.05878031887926,6927192
2024-01-11,42.630775451660156,42.818025473790655,42.39002396544082,42.57727398757132,5581501
2024-01-12,42.54160690307617,42.862608888914146,42.24735735036048,42.24735735036048,4178671
2024-01-15,42.149269104003906,42.372186751009565,42.024435765913275,42.30085147127014,1675216
2024-01-16,41.462684631347656,41.855018487207026,41.351225801693495,41.69451750038875,7822665
2024-01-17,41.52510452270508,41.87285555394982,41.32002066841853,41.64102266693793,8368750
2024-01-18,40.776100158691406,41.177352648627675,40.6155991627169,40.79393398062788,9313074
2024-01-19,40.776100158691406,41.284352178792766,40.713683482640626,41.025766862894535,11160323
2024-01-22,40.88309860229492,40.96334909814934,40.66909954765225,40.78501768643166,8164654
2024-01-23,41.28435134887695,41.42701852004703,40.8296008037266,40.83851601378875,7696813
2024-01-24,41.78368377685547,42.20277003645439,41.67668426003673,41.837181834538185,5937775
2024-01-25,42.3900260925293,42.563901607725896,42.04227506213611,42.28302315898232,7247040
2024-01-29,41.792606353759766,41.97094118086585,41.56968867024063,41.64102396166464,8218432
2024-01-30,41.95309829711914,42.184934542722004,41.80151593776226,41.82826496554214,5490281
2024-01-31,42.149269104003906,42.20277056380847,41.56076665196711,41.64101714094728,12102405
2024-02-01,42.0066032409668,42.14927040339045,41.66776745466556,42.14927040339045,6450184
2024-02-02,42.45244216918945,42.6307769877913,42.167107820008,42.354357848885755,9086720
2024-02-05,41.4181022644043,41.80152091501722,41.39134983198586,41.765853272761696,6673782
2024-02-06,40.981178283691406,41.1060116183537,40.7493454338119,41.01684592258156,7502383
2024-02-07,41.40918731689453,41.69452167727722,41.19518824733446,41.19518824733446,5564396
2024-02-08,41.39134979248047,41.55185078102355,41.25760123633028,41.49835271914491,5076540
2024-02-09,41.28435134887695,41.41810330998488,41.19518564244078,41.239768495658865,6368668
2024-02-12,41.07926559448242,41.239766579774034,40.883096967691884,41.239766579774034,4421821
2024-02-13,41.30218505859375,41.4537708408691,41.15060267777206,41.248683594004746,4950074
2024-02-14,40.972267150878906,41.03468382441966,40.60668231951722,40.704766635496576,5818159
2024-02-15,40.27676010131836,40.78501548189285,39.89334486568705,40.34809538331248,12127927
2024-02-16,40.66910171508789,40.92768703789478,40.44618403710688,40.749352215219204,8413493
2024-02-19,41.05251693725586,41.53847580164535,41.05251693725586,41.09709978880801,4373838
2024-02-20,40.6066780090332,41.284346136162775,40.241093216479115,41.24867849751037,7306866
2024-02-21,39.65259552001953,39.759595047301886,39.20676018798047,39.63476169856354,14353992
2024-02-22,39.501007080078125,39.92900856185805,39.43859040990939,39.45642423016523,7744811
2024-02-23,39.72392654418945,39.82201085934666,39.447510821241195,39.72392654418945,5374263
2024-02-26,39.20676040649414,39.82201194361376,39.06409323550465,39.50992857002852,7595615
2024-02-27,39.2691764831543,39.438592683169894,38.69850780788743,39.01059117671975,7470065
2024-02-28,39.188926696777344,39.59017917928467,39.15325905356477,39.563426746148394,5930446
2024-02-29,39.17109680175781,39.37618066860763,38.81442713678612,39.05517865042391,16021179
2024-03-01,40.05384063720703,40.14300973567008,39.295922008264334,39.295922008264334,8051335
2024-03-04,39.438594818115234,39.92009781448215,39.367262930572245,39.70609534894559,6709517
2024-03-05,39.795257568359375,40.062758052863394,39.72392229171659,39.81309138752007,9134973
2024-03-06,39.54559326171875,39.77742954312353,39.25134370634031,39.47426137613907,7935118
2024-03-07,40.09981918334961,40.250674331221454,39.651826059030796,39.688397638089015,8131527
2024-03-08,40.182106018066406,40.200391808744875,39.90782613320527,40.07239476165354,7982291
2024-03-11,39.14897918701172,39.5421149440811,39.08498066727091,39.49640221393163,7272488
2024-03-12,38.87469482421875,38.97526491151549,38.60498381849955,38.88383597412875,9528115
2024-03-13,38.35356903076172,38.72841902276016,38.33528323997424,38.582136184118276,10154069
2024-03-14,39.368408203125,39.56040377711795,39.05755673147346,39.29526503913263,14009930
2024-03-15,38.77412796020508,38.93869657352441,38.490703462231195,38.746701020537735,17557119
2024-03-18,38.77412796020508,38.966123513191754,38.627845135883184,38.95698236252185,5407458
2024-03-19,39.852970123291016,39.97182602293443,38.92956033224409,39.02098580110328,8461680
2024-03-20,40.054107666015625,40.259816701045004,39.72497041984234,39.734111571054775,8535724
2024-03-21,40.364959716796875,40.364959716796875,39.70668521475205,40.28267540404127,10704726
2024-03-22,40.035823822021484,40.5843836005365,39.816397818020675,40.538670866936585,10256530
2024-03-25,40.118106842041016,40.520383767450866,40.05410831953622,40.16381957416474,5266144
2024-03-26,39.880393981933594,40.392385635856925,39.71582536058887,40.026676813389145,6066389
2024-03-27,39.93525695800781,39.953542750464074,39.4232652322073,39.4232652322073,7487727
2024-03-28,40.47467041015625,40.83123459793489,40.47467041015625,40.63923903338606,12091114
2024-04-02,41.26094055175781,41.3889375904649,40.922658677851665,41.041514565647276,13293358
2024-04-03,41.01408767700195,41.763787608367416,41.01408767700195,41.61750477999508,10385470
2024-04-04,40.913516998291016,41.087226764626436,40.76723417199338,41.07808561383307,9097660
2024-04-05,40.54780960083008,40.69409243222214,40.26438857681547,40.31924245880137,6311798
2024-04-08,40.45638656616211,40.51124393909684,39.889540996468604,40.37410225058902,7984535
2024-04-09,41.26094055175781,41.54436156956416,41.16037045344289,41.50779347826051,7102389
2024-04-10,41.562652587890625,41.79579207352767,41.4803682687045,41.53522564404797,6887944
2024-04-11,42.001495361328125,42.03806693986957,41.43464984456647,41.73636013604687,7843306
2024-04-12,41.61750030517578,41.65407188025103,41.352361617366256,41.60835566757829,6012876
2024-04-15,41.846073150634766,42.02892756340389,41.64493294782294,41.782074629314245,7043132
2024-04-16,41.11465835571289,41.73636125698414,40.8220926948391,41.7089308285125,10192323
2024-04-17,40.63009262084961,41.04151416096402,40.511240221883654,40.867804394096915,5683293
2024-04-18,41.224369049072266,41.52607585691754,41.05065928017091,41.07808622061383,8847944
2024-04-19,40.803802490234375,41.06893769394973,40.415239090895625,40.95922645490691,9943144
2024-04-22,41.52607345581055,41.78207100655391,41.30665096963913,41.35236369695338,7065828
2024-04-23,41.599220275878906,41.71807616749704,41.49865017432955,41.608361427084375,4311756
2024-04-24,41.35236740112305,41.526077175540394,40.90437775059383,41.23351150933336,8440102
2024-04-26,39.45069122314453,39.9992509844394,39.42326079371926,39.862109300286725,16413726
2024-04-29,39.2861213684082,39.4826892494611,39.203837058021925,39.441545350439064,10299169
2024-04-30,39.340972900390625,39.73410863901442,39.29526017238596,39.54211308880027,9322265
2024-05-01,38.69184112548828,39.09411799417501,38.60955682420492,38.99355139274638,9426577
2024-05-02,38.7467041015625,38.86555650801021,38.64613399790835,38.6827055788113,7522744
2024-05-03,38.77412796020508,38.99355394051673,38.60041819621584,38.856412266864744,11457300
2024-05-06,39.08498001098633,39.15812316812352,38.85641287641916,39.03012264313344,5628907
2024-05-07,39.697540283203125,39.743256502575484,39.212979049245405,39.222123688183025,7263072
2024-05-08,39.660972595214844,39.77068384998092,39.54211670141781,39.69754068836493,6643055
2024-05-09,39.368408203125,39.67011503544848,39.31355083013072,39.587830719786076,6441541
2024-05-10,39.231266021728516,39.6152606525495,39.15812634631279,39.59697486178108,5542469
2024-05-13,39.5421142578125,39.633539716524716,39.322688274182426,39.62439856571657,4512248
2024-05-14,39.45069122314453,39.54668900698824,39.231265226031844,39.4049750033217,6338467
2024-05-15,40.31010055541992,40.63009315322527,40.31010055541992,40.36495792403987,6526183
2024-05-16,40.721519470214844,40.940941955203925,40.60266358971221,40.867802289426734,8955356
2024-05-17,41.04151916503906,41.23351474461602,40.922663263923646,41.00494758197922,8687705
2024-05-20,41.800357818603516,42.083778827486704,41.73635930126488,42.06549303858172,8167455
2024-05-21,42.092926025390625,42.13863875660402,41.70893141035095,42.05635444535679,7564331
2024-05-22,42.27578353881836,42.43120753387574,42.12950069561102,42.17521343017742,5681346
2024-05-23,41.0598030090332,41.24265742800117,40.65752607743003,40.84952164790032,7798076
2024-05-24,40.812950134277344,40.995804553548645,40.64838150569897,40.7398104591636,5063748
2024-05-27,41.27922821044922,41.37065367433487,40.977517901842376,41.169513468596975,3746077
2024-05-28,41.21522903442383,41.57179322064294,41.21522903442383,41.27922755566019,5315928
2024-05-29,41.21522903442383,41.462078480531034,41.06894271427463,41.14208587434923,7049656
2024-05-30,40.50209426879883,41.20608143955418,40.37409723550832,40.73980603433055,8982270
2024-05-31,40.694091796875,40.76723495525797,40.18210363882523,40.50209623760634,17969206
2024-06-03,40.9683723449707,41.33407764884497,40.84037182657432,41.2060806181061,8720703
2024-06-04,40.48381042480469,40.72152220175532,40.355813385365614,40.6849506225848,8190369
2024-06-05,40.136390686035156,40.209530356354676,39.907823548842835,39.971822068244066,12366369
2024-06-06,40.27352523803711,40.43809384096349,40.02667233364754,40.3558095395003,8273554
2024-06-07,40.71237564086914,40.91351582915227,40.65752176236107,40.86780310117636,6210809
2024-06-11,39.990108489990234,40.483810863511316,39.7432555594008,40.41067119203544,10414438
2024-06-12,39.77068328857422,39.77068328857422,39.38669215848444,39.459831831410085,8896061
2024-06-13,39.496402740478516,39.77525493206287,39.35926106054405,39.59697284074275,9443073
2024-06-14,39.39582824707031,39.679252726422405,39.368401309205,39.49639833611968,5618488
2024-06-17,38.89298629760742,39.441546051494484,38.89298629760742,39.35926173964564,7993163
2024-06-18,39.13069534301758,39.37754828328765,38.77413114740233,38.984412506671376,11623663
2024-06-19,39.07583999633789,39.21297818847099,38.95698410636297,39.10326693723295,6440310
2024-06-20,39.08498001098633,39.15812316812352,38.865554027232456,38.94783833518295,10791261
2024-06-21,39.11240768432617,39.38669104107493,38.96612485496712,39.24040472405812,18176496
2024-06-24,38.79241180419922,39.15812059049659,38.682700563373,39.057550499881934,5697237
2024-06-25,39.606109619140625,39.633536557036344,38.92955290822523,38.96612099620039,7789491
2024-06-26,39.62439727783203,39.62439727783203,39.01183556386527,39.20383460117281,7648083
2024-06-27,39.45069122314453,39.560402477871925,39.00269807754933,39.44154658411681,7810704
2024-06-28,39.0209846496582,39.49640474654491,39.0209846496582,39.048411591975025,10823306
2024-07-01,39.587825775146484,39.67011008053133,39.075837641780836,39.084978792309116,5688274
2024-07-02,39.4598274230957,39.820963890901616,39.212974515190744,39.68839454289761,6312330
2024-07-03,39.90782165527344,39.90782165527344,39.47811434169039,39.61525601256171,5010302
2024-07-04,40.93180465698242,41.01866128794591,40.22781743337934,40.67581057118415,7772273
2024-07-05,40.58438491821289,40.84952366442203,40.41981628178364,40.70324081955805,5147858
2024-07-08,39.75239562988281,40.32838578560114,39.69753826202374,40.31924114712912,6843748
2024-07-09,39.990108489990234,40.154673622725404,39.82553986959728,39.90782417979376,6436472
2024-07-10,39.46897506713867,39.69754222454668,39.40497654207707,39.6426883388699,5499582
2024-07-11,39.825538635253906,39.98096261210909,39.55125528466153,39.89867830446291,4849539
2024-07-12,39.679256439208984,39.82553926760736,39.39583193333687,39.41411772284388,5730332
2024-07-15,39.92610549926758,40.18210306227706,39.880392769763,40.18210306227706,4958854
2024-07-16,39.38669204711914,39.50554445124448,39.08498174205209,39.35926161814896,8870813
2024-07-17,39.039268493652344,39.45069004617815,39.00269691394832,39.23126405561179,9282537
2024-07-18,39.0026969909668,39.17640676341725,38.85641415951962,38.99355583985164,8109631
2024-07-19,38.17985534667969,38.481565659903296,38.170714195214394,38.41756713667246,13465553
2024-07-22,38.07014465332031,38.18900055007288,37.800437085384935,38.17071475921418,6120239
2024-07-23,37.905574798583984,38.33528215073538,37.905574798583984,38.262138989663704,8066150
2024-07-24,37.99699783325195,37.99699783325195,37.503292035868775,37.76843072198093,5777270
2024-07-25,37.658721923828125,37.96957338358185,37.6221538308896,37.83243518783214,7438326
2024-07-26,38.49070358276367,38.66441683495452,38.115853626286395,38.289566878477245,8529257
2024-07-29,38.46327590942383,38.792413130815746,38.46327590942383,38.664416097531685,5785958
2024-07-30,37.97871398925781,38.25299383928688,37.76843265464694,38.006140927963465,8587576
2024-07-31,38.67355728149414,38.67355728149414,37.64957752667872,37.777574560073454,12017032
2024-08-01,38.84727478027344,39.24040707399696,38.70099194215413,39.1581262472342,7112335
2024-08-02,38.3809928894043,38.3809928894043,37.89643167927088,37.95128555956813,9014754
2024-08-05,37.58557891845703,38.28042144990395,37.48500882456104,37.622150495811496,9434809
2024-08-06,37.72272491455078,37.96957788133111,37.53072932516329,37.57644206249484,10495681
2024-08-07,37.5032958984375,37.741004184072374,37.37529886096813,37.5032958984375,7249147
2024-08-08,36.76273727416992,37.110160297027406,36.62559908532508,37.091874507649884,7985004
2024-08-09,37.35701370239258,37.50329653163563,36.86330784582563,37.165018142946906,7895708
2024-08-12,37.15587615966797,37.43015604814296,36.945594795581876,37.36615752375407,4248347
2024-08-13,37.256446838378906,37.48501399689657,37.101022844662765,37.15587673060585,6039761
2024-08-14,36.22332000732422,37.19244595351457,36.16846612486107,36.982164599537555,10698192
2024-08-15,35.84846878051758,36.04960897628909,35.43704723810208,35.93989772753087,12352694
2024-08-16,36.57987976074219,36.799305726975405,36.26902834304529,36.634737124214844,11695311
2024-08-19,36.32389450073242,36.616460201436865,36.214183234882825,36.47932199103943,6156130
2024-08-20,36.79930877685547,36.872451934214354,36.51588427357633,36.762737198176026,5820593
2024-08-21,37.37529754638672,37.39358333504743,36.415316311473646,36.479314827957346,9386197
2024-08-22,37.43015670776367,37.70444008873029,37.357017030455154,37.603869980730266,6390982
2024-08-23,37.18329620361328,37.29301092877434,37.05529917858273,37.19244084120538,5786729
2024-08-26,37.33872985839844,37.512439637283045,37.21073281209841,37.32958870694469,5951917
2024-08-27,37.80500411987305,38.33528156658878,37.80500411987305,38.3169957765995,7708889
2024-08-28,37.26558303833008,37.65871877775355,37.027874759627736,37.36615313273947,10748562
2024-08-29,37.05530548095703,37.05530548095703,36.68045549204555,36.73531286395624,9420254
2024-08-30,37.27472686767578,37.39358274827656,36.98216122901043,37.210728352196334,13243753
2024-09-02,36.87245178222656,37.26558404460814,36.79930862516917,37.22901595373713,4541942
2024-09-03,36.23246383666992,36.89073482512549,36.23246383666992,36.75359663437372,8507301
2024-09-04,35.32733917236328,35.73876075184817,35.31819802066719,35.5467651773079,9726696
2024-09-05,35.574188232421875,35.83018230383326,35.47361813646522,35.665613690023754,8452372
2024-09-06,35.153629302978516,35.7204748735182,34.99820182326043,35.656476348827816,8359748
2024-09-09,35.437049865722656,35.5010518772065,35.04391757121718,35.28162587576212,7627507
2024-09-10,35.345619201660156,35.76618186428446,35.345619201660156,35.64732947331942,7049076
2024-09-11,35.96732711791992,36.013039850711685,35.39133691930145,35.42790850059804,9266380
2024-09-12,36.51298522949219,36.56002520217134,36.17899675787435,36.36245516356696,10485994
2024-09-13,37.2562255859375,37.50554426125391,36.78581867910031,36.870492065887795,9514813
2024-09-16,37.20918273925781,37.44438617451092,37.180959475481714,37.39734620524422,6593222
2024-09-17,37.20918273925781,37.37852949975362,37.162142769991114,37.29385611950571,6834242
2024-09-18,36.870487213134766,37.54787421827959,36.710550608541915,37.20918071570718,5265271
2024-09-19,37.811302185058594,37.90538571058516,36.879898610322584,37.63254886993742,13305298
2024-09-20,37.95242691040039,38.413427228140634,37.75485688376299,38.2628935824135,15808676
2024-09-23,37.45379638671875,37.538469767113604,37.0774694540928,37.16214283448766,5167820
2024-09-24,38.68626022338867,38.9779137766052,37.53846989394864,37.62314327462959,11460753
2024-09-25,40.17274856567383,40.17274856567383,39.363648151887304,39.40128156390521,14594112
2024-09-26,40.7936897277832,40.98185321841572,39.93754925487931,40.06926262164605,13898957
2024-09-27,42.09200668334961,42.204903322898005,41.64982309414916,41.72508632420827,15160689
2024-09-30,43.23979949951172,43.493819645095705,42.637679268017685,42.80702603174034,16710510
2024-10-01,41.997928619384766,42.68472228171027,41.91325523148601,42.52478565396814,11765854
2024-10-02,42.393070220947266,42.77880372720991,42.12963992206856,42.38366007335173,7781903
2024-10-03,42.684722900390625,43.03282660508651,42.46833614793966,42.75998973024487,7389168
2024-10-04,41.94147872924805,42.00733540468404,41.36758176708897,41.87561846489241,9661654
2024-10-07,42.20490646362305,42.30839655296018,41.99792628494878,42.186089757478136,6059458
2024-10-08,41.19823455810547,42.90581020511309,40.77486765709378,42.24253838429444,12502297
2024-10-09,40.71841812133789,41.01007167706513,40.266827950125155,40.746644974420946,8605304
2024-10-10,41.301727294921875,41.452257359508515,40.690196888771254,40.718420154343804,8307883
2024-10-11,40.85954666137695,41.2264634964512,40.85954666137695,41.160606812664554,6467361
2024-10-14,41.2076416015625,41.79094512264661,40.76546157878373,40.88776478246741,6157139
2024-10-15,41.40521240234375,41.762722639528434,41.40521240234375,41.74390593347453,5035230
2024-10-16,40.96303176879883,41.04770515033612,40.72782832996409,40.83131841727852,7367947
2024-10-17,40.445587158203125,41.254684017853485,40.266830237893046,40.97244059342477,11161569
2024-10-18,39.57062911987305,39.984585893583734,39.45772888156304,39.82464927269089,15048688
2024-10-21,40.11629867553711,40.33739048624866,39.918728644700295,40.17274879388465,7184217
2024-10-22,39.64588928222656,39.937542825198676,39.57062605144248,39.80582947963691,7264019
2024-10-23,39.91872787475586,40.219787988963176,39.721157847729735,39.805831229158024,5849530
2024-10-24,39.74938201904297,39.787015431407646,39.514178575143305,39.711748606678285,6050892
2024-10-25,39.8810920715332,40.02221556175689,39.64588864710669,39.74937872808147,5862759
2024-10-28,40.4173583984375,40.60552186882748,40.12570842880673,40.210381811036235,4882222
2024-10-29,40.49263000488281,40.82191342526829,40.49263000488281,40.699606616730776,7716405
2024-10-30,40.55848693847656,41.2546871998375,40.4644033971304,40.83132382500023,6098557
2024-10-31,40.11629867553711,40.63374553250387,39.9469519094142,40.624338973905814,9452917
2024-11-01,40.24801254272461,40.42676945864504,39.64589229501735,39.749382385514494,5415715
2024-11-04,40.07866668701172,40.37032025878812,39.99869837486846,40.23860690021809,3707285
2024-11-05,40.10689163208008,40.398541601050596,39.88109475033933,40.25742169026735,4347447
2024-11-06,40.07866668701172,40.64315712378025,39.67411646344956,40.407953672356655,5355349
2024-11-07,40.445587158203125,40.671380462178156,39.99399337241335,40.16334014485455,5737476
2024-11-08,40.83131790161133,41.424027975967256,40.83131790161133,40.9442145459287,8339043
2024-11-11,39.16607666015625,39.7023402001745,39.119036691349656,39.514176736028546,10871180
2024-11-12,38.47928237915039,39.2319326333681,38.25348550842532,38.33815888633229,10020308
2024-11-13,38.150001525878906,38.150001525878906,37.66077788517879,37.773678133054254,7142143
2024-11-14,37.6419563293457,38.22526343481876,37.6419563293457,38.12177334872129,6593223
2024-11-15,37.69841003417969,37.867756811381454,37.64666498620582,37.67959332683283,7194665
2024-11-18,37.97124481201172,38.20644825748858,37.566694598677934,37.651367982606395,5291487
2024-11-19,37.9242057800293,38.29112258983405,37.783082273679845,38.0653256974589,6927990
2024-11-20,37.70781707763672,38.09355057418801,37.70781707763672,37.92420381092943,11603449
2024-11-21,37.45379638671875,37.70781652790332,37.26563292040578,37.67958967515863,9614612
2024-11-22,37.7830810546875,37.839531173190004,37.594917581932215,37.63255099426722,8129329
2024-11-25,37.82071304321289,38.21585309109567,37.64195613581103,38.21585309109567,20751804
2024-11-26,37.50083923339844,37.96183599287058,37.50083923339844,37.914796019913,8120374
2024-11-27,37.42557144165039,37.58551165229084,37.32208135045712,37.369124911123,7485061
2024-11-28,37.69841003417969,37.811306689340874,37.61373664557881,37.641959912139114,7339727
2024-11-29,38.16881561279297,38.24408243954135,37.53847208891453,37.62314547454655,8243006
2024-12-02,38.3099365234375,38.41342660874636,38.08413964740728,38.272303112612526,5303672
2024-12-03,38.25348663330078,38.47928351066559,38.20644666395133,38.45105665792023,6070642
2024-12-04,38.62040328979492,38.62040328979492,38.20644653641415,38.54514005687096,7530805
2024-12-05,38.18762969970703,38.601586451665085,38.131179583518374,38.573363188030555,5793076
2024-12-06,38.29112243652344,38.29112243652344,37.943022334887,38.14999893073902,5226639
2024-12-09,38.18762969970703,38.239374742316734,37.58550948270637,37.820712916779726,5399573
2024-12-10,39.354244232177734,39.768201025372825,39.21312072210762,39.27897740309502,11108702
2024-12-11,39.51417541503906,39.57062552907155,39.231932022715526,39.30719525250606,5394263
2024-12-12,39.31660842895508,39.64589181388647,39.27897501670014,39.514178459913914,3936712
2024-12-13,38.73330307006836,38.855609871008134,38.54514317806242,38.76152992500516,5219863
2024-12-16,37.961830139160156,38.272300372861515,37.81130009555568,38.19703355659961,7741369
2024-12-17,37.85834884643555,38.206448947127086,37.72663189989837,37.80189872649104,6264848
2024-12-18,37.88656997680664,38.149996677195624,37.801896596121665,37.91479324072842,6453398
2024-12-19,37.33149337768555,37.47261688894874,37.133923333053055,37.20918657385211,11725344
2024-12-20,37.246822357177734,37.246822357177734,36.88931207111877,36.908128779745056,19531098
2024-12-23,37.53847122192383,37.53847122192383,37.01161421361299,37.16214427471326,4431982
2024-12-24,37.37853240966797,37.449094163521046,37.18096237001526,37.21859578392622,2518413
2024-12-27,37.41616439819336,37.75485793264954,37.293857602102015,37.34089757323876,4655017
2024-12-30,37.48202133178711,37.54787800961269,37.303268004677655,37.41616465396153,3032871
2024-12-31,37.20918273925781,37.284449561220214,37.01161271498591,37.07746938974321,3880382
2025-01-02,37.59491729736328,37.61843907712455,37.15273726699308,37.162143825545755,4682324
2025-01-03,37.40675354003906,37.6701838334563,37.33149030543391,37.49142692204466,4364816
2025-01-06,36.67292022705078,36.95516363952124,36.52239016780523,36.9269403749501,8228960
2025-01-07,36.40949630737305,36.691739741446334,36.12725287329977,36.67292303398545,7135772
2025-01-08,37.06806564331055,37.228002268733476,36.42831196377906,36.57884203020295,8194023
2025-01-09,36.94575500488281,36.955161562904706,36.541204820470774,36.84226492204445,5060945
2025-01-10,37.33149337768555,37.47261688894874,37.1621465997377,37.20918657385211,4321363
2025-01-13,37.246822357177734,37.46320912299968,37.10569883694072,37.11510898571396,4979681
2025-01-14,37.7830810546875,37.7830810546875,37.37853084438555,37.53847105234944,7243278
2025-01-15,37.42557144165039,37.858348512905856,37.42557144165039,37.679591595783016,4934321
2025-01-16,37.613739013671875,37.820719218598455,37.48202564287139,37.820719218598455,7297174
2025-01-17,37.67959213256836,37.919500657486886,37.303268764318744,37.67018557365305,7983230
2025-01-20,37.85834884643555,38.112365413886245,37.7172253410342,37.90538881859605,4660630
2025-01-21,38.20644760131836,38.54514113121537,37.848937365436,38.23467086583655,5775945
2025-01-22,37.44438934326172,37.839533014164374,37.303269423519275,37.69840950550201,7262091
2025-01-23,36.80463409423828,37.171550894465696,36.701144004139316,37.0586542456849,7734401
2025-01-24,36.98339080810547,37.06806419145998,36.59765730369485,37.039837337728656,7116573
2025-01-28,37.14332962036133,37.387943226237255,37.068066380113315,37.171552886839336,7525937
2025-01-29,36.81404495239258,37.11510508089868,36.65410474035631,36.73877812580614,5699790
2025-01-30,37.14332962036133,37.350309811653275,36.87990289611336,36.92694286988336,3225969
2025-01-31,37.58551025390625,37.73604031124507,37.44438675499875,37.60432695968856,8444574
2025-02-03,36.91753387451172,37.14332716927562,36.5412069313456,37.09628719860979,7797521
2025-02-04,37.19036865234375,37.3220820111323,37.0586552935552,37.209185359159235,6285179
2025-02-05,37.75485610961914,38.16881286012186,37.39734588618704,37.4726127075073,7549265
2025-02-06,37.877159118652344,37.91949760266001,37.397345696389316,37.46320237025052,6974422
2025-02-07,38.08414077758789,38.14999745402615,37.905387454244014,37.97124413068227,5041835
2025-02-10,37.71722412109375,38.027690798447104,37.55728391421741,37.77367423921241,4906289
2025-02-11,37.74544906616211,37.844234085577995,37.43498237498644,37.78308247991669,6717482
2025-02-12,37.76426696777344,37.79249023452233,37.500840240997135,37.632553604385286,7630232
2025-02-13,38.5639533996582,38.742706702570445,38.008873198182066,38.05591316327273,8279554
2025-02-14,38.49809646606445,39.08140356809786,38.49809646606445,38.7803434588185,6828877
2025-02-17,38.38520050048828,38.629814086674244,38.178223914776694,38.24408059053761,5962827
2025-02-18,38.54513931274414,38.71448606970325,37.98535400007821,38.66744251249942,6943788
2025-02-19,38.55454635620117,38.860311537277745,38.43223956598663,38.582769619743154,6588952
2025-02-20,37.77367401123047,38.14999736299111,37.35971365869817,38.008877451925756,11659006
2025-02-21,38.81797790527344,38.855611320646624,38.22526776328589,38.41343125123179,10287446
2025-02-24,38.38520050048828,38.46987388202655,38.018283710129005,38.0465069743352,6833234
2025-02-25,37.9242057800293,38.197039055961135,37.914795632182084,38.01828572498237,7903407
2025-02-26,37.359710693359375,37.8583443885209,37.14332397576526,37.820710979655985,8297693
2025-02-27,37.6513671875,37.78308053995841,37.40675359957465,37.538470540952744,5916067
2025-02-28,36.729373931884766,37.133924178535615,36.47535375917935,36.99280066405925,18135055
2025-03-03,37.2562255859375,37.340898972724986,36.61647190552533,36.62588205345721,8342631
2025-03-04,37.14332962036133,37.27504298248531,36.65410599752942,36.87990289611336,8386617
2025-03-05,37.19977951049805,37.61373630158321,37.152739537021084,37.20918606962547,9749141
2025-03-06,37.66148376464844,40.469534046667,37.41188084138772,40.32073251523326,13022584
2025-03-07,37.421478271484375,38.10308975492163,37.3350765579377,37.78628591336767,9314621
2025-03-10,37.63268280029297,37.84388413794532,37.35427687546061,37.68068293784233,6694025
2025-03-11,38.064693450927734,38.4678990230743,37.45988143053193,37.7766852854791,11725876
2025-03-12,37.39268112182617,37.973491250672666,37.26787782554087,37.89189064479136,11127309
2025-03-13,36.7110710144043,37.05667424008786,36.7110710144043,36.86467366876682,8616307
2025-03-14,37.10467529296875,37.469479281161426,37.008671352252875,37.17187622038192,7587140
2025-03-17,37.997493743896484,38.055092449097316,37.21027603844987,37.2294768275755,9707208
2025-03-18,38.035888671875,38.112691822343876,37.75748640686478,37.85348668277509,6990047
2025-03-19,37.97829055786133,38.37189755465503,37.84388504246459,38.11269241108222,6283926
2025-03-20,37.56548309326172,37.95909009340948,37.44067980184632,37.80548745096586,12485687
2025-03-21,37.95909118652344,38.05509146749928,37.43108231680434,37.440680880031536,18313470
2025-03-24,37.74788284301758,37.81508376620628,37.421476789454324,37.65188257051248,4818118
2025-03-25,37.47908020019531,37.80548626290245,37.41187927512406,37.642281400461,6558976
2025-03-26,37.93989181518555,38.29509726267649,37.872690883556885,37.968691168118944,8633420
2025-03-27,38.055091857910156,38.15109580204689,37.78628813867933,37.92068999829474,7659354
2025-03-28,38.103092193603516,38.51590000006095,37.882288614224706,38.01669047452693,8680085
2025-03-31,36.672664642333984,37.51748096200262,36.672664642333984,37.440677813771075,10559745
2025-04-01,37.335079193115234,37.469481054301774,36.99907454014888,37.181476542876894,7266432
2025-04-02,36.78786849975586,37.3062788032103,36.66306520547773,37.3062788032103,7319581
2025-04-03,35.530242919921875,36.09665334129285,35.482242781604164,35.90465278802199,10562779
2025-04-04,35.34783935546875,35.405441716190566,34.541424616241585,34.963830941674615,9403883
2025-04-07,33.187801361083984,33.725412425671266,31.92057868086289,32.26618553222787,21023886
2025-04-08,33.96541976928711,34.22462493064894,33.351009162581754,33.60061209823977,13899725
2025-04-09,32.79419708251953,33.12060317332338,32.44859020258885,32.55419271169835,13587280
2025-04-10,34.56062698364258,35.40544333531862,34.51262684526713,35.232639907426346,11134888
2025-04-11,34.003814697265625,34.003814697265625,33.34140400678312,33.52380599518897,13267732
2025-04-14,34.91583251953125,35.1462383115536,34.66622960183487,34.75263131607128,7984849
2025-04-15,35.0406379699707,35.42464642629285,34.90623610891076,35.30944169209058,6240293
2025-04-16,34.627830505371094,34.858236313889726,34.49342864297526,34.75263380424269,7432788
2025-04-17,35.02143859863281,35.20384060857279,34.53183127606962,34.56063062969798,9007017
2025-04-22,35.050235748291016,35.424645632797734,34.848632961216914,34.93503467884524,9273114
2025-04-23,36.21186065673828,36.2790615876226,35.81825363491183,36.18305764194781,8921838
2025-04-24,36.538265228271484,36.759068800877486,36.41346193517212,36.49986365159847,7571001
2025-04-28,36.154258728027344,36.61506668632954,35.971856722296096,36.61506668632954,11283554
2025-04-29,36.663063049316406,36.797468561037036,36.173455788520634,36.25985750068174,5967938
2025-04-30,36.663063049316406,36.797468561037036,36.336656988060646,36.499861849776394,9696608
2025-05-01,36.31746292114258,36.31746292114258,35.77024958992423,35.95265525438903,8185861
2025-05-02,36.557464599609375,36.672665662987235,35.827849319806134,36.01985353355308,12128860
2025-05-05,36.240657806396484,36.54786308952962,36.12545674076552,36.54786308952962,5715861
2025-05-06,36.09665298461914,36.30785798574112,35.89505020837131,36.20225548518013,6260439
2025-05-07,36.41345977783203,36.72066504866379,36.250254917728824,36.33665662903624,9692690
2025-05-08,36.40385818481445,36.61026207306497,35.99105407048917,36.00065263316734,8208632
2025-05-09,36.03905487060547,36.17345672362472,35.87585000467078,35.9238501432954,7266299
2025-05-12,36.86466979980469,37.00867021318256,36.44225979800774,36.64386257404223,8799346
2025-05-13,37.64228057861328,37.93988728469956,37.45987859485596,37.64228057861328,8917371
2025-05-14,37.87268829345703,37.87268829345703,37.344679440123834,37.82468815445871,8897426
2025-05-15,37.62308120727539,37.78628607229479,37.40227764109981,37.776683847318225,8679974
2025-05-16,38.131893157958984,38.371897513359684,37.79588486309251,37.853487226771975,10433059
2025-05-19,37.2006721496582,37.90148437262941,37.2006721496582,37.7286809574118,6741949
