Date,Close,Volume
2024-05-22,29.251859664916992,1674666
2024-05-23,29.419918060302734,1236426
2024-05-24,29.018442153930664,1542870
2024-05-27,29.37323760986328,1390683
2024-05-28,29.44792938232422,1579818
2024-05-29,29.06512451171875,2434238
2024-05-30,28.92507553100586,2270879
2024-05-31,29.503950119018555,4614049
2024-06-03,29.41058349609375,2026105
2024-06-04,29.401247024536133,1493414
2024-06-05,29.868080139160156,3776000
2024-06-06,30.064151763916016,1613516
2024-06-07,30.288230895996094,1488877
2024-06-11,30.241546630859375,2252176
2024-06-12,30.325580596923828,2670091
2024-06-13,30.34425163269043,2223659
2024-06-14,30.42828369140625,1587016
2024-06-17,30.671035766601562,2252028
2024-06-18,30.85776710510254,2704500
2024-06-19,30.89511489868164,1854922
2024-06-20,30.811086654663086,2538489
2024-06-21,31.399301528930664,5806869
2024-06-24,31.212562561035156,1643985
2024-06-25,31.735424041748047,2978967
2024-06-26,31.679401397705078,1800619
2024-06-27,31.63271713256836,1908366
2024-06-28,31.548686981201172,1964972
2024-07-01,31.343278884887695,1444338
2024-07-02,31.0911865234375,1656639
2024-07-03,31.20322608947754,1274914
2024-07-04,31.371286392211914,1019471
2024-07-05,31.548686981201172,951603
2024-07-08,31.502002716064453,1269488
2024-07-09,31.68873405456543,1454658
2024-07-10,31.735424041748047,2519080
2024-07-11,32.02485656738281,1998485
2024-07-12,31.903478622436523,2258291
2024-07-15,32.071537017822266,2132777
2024-07-16,32.24893569946289,2782757
2024-07-17,32.67842483520508,1717984
2024-07-18,32.818477630615234,3279402
2024-07-19,32.73445129394531,3076631
2024-07-22,32.818477630615234,1214238
2024-07-23,32.58505630493164,2049303
2024-07-24,32.32362747192383,1736229
2024-07-25,32.1649055480957,1735622
2024-07-26,31.940826416015625,1665075
2024-07-29,32.1649055480957,1492694
2024-07-30,32.099552154541016,1989154
2024-07-31,32.21158981323242,2725498
2024-08-01,32.51970291137695,1143473
2024-08-02,32.02485656738281,1935886
2024-08-05,31.10052490234375,2621990
2024-08-06,31.399301528930664,2479244
2024-08-07,31.399301528930664,1594304
2024-08-08,31.56736183166504,1847138
2024-08-09,31.679401397705078,1632297
2024-08-12,31.56736183166504,1445188
2024-08-13,31.511335372924805,1284162
2024-08-14,31.819448471069336,1138649
2024-08-15,32.02485656738281,2311644
2024-08-16,32.4730224609375,2747213
2024-08-19,32.575721740722656,1393853
2024-08-20,32.631744384765625,1324350
2024-08-21,33.02388381958008,2933168
2024-08-22,33.16393280029297,1873888
2024-08-23,33.5280647277832,2109060
2024-08-26,33.46270751953125,2161263
2024-08-27,33.107913970947266,1558637
2024-08-28,34.19096755981445,4645690
2024-08-29,33.36000442504883,3516391
2024-08-30,33.31332015991211,3849393
2024-09-02,33.444034576416016,1469835
2024-09-03,33.424842834472656,2515253
2024-09-04,32.9354133605957,2057981
2024-09-05,32.96419906616211,1304509
2024-09-06,33.24250411987305,1975347
2024-09-09,33.24250411987305,1858827
2024-09-10,33.23291015625,2002470
2024-09-11,33.22330856323242,2448440
2024-09-12,33.06977081298828,2395825
2024-09-13,33.30967712402344,2792514
2024-09-16,33.70314407348633,2043039
2024-09-17,33.65515899658203,1457143
2024-09-18,33.760719299316406,1466871
2024-09-19,33.81829833984375,2812785
2024-09-20,33.56878662109375,7261223
2024-09-23,32.42679977416992,2960274
2024-09-24,31.47673797607422,4088849
2024-09-25,31.64947509765625,2125121
2024-09-26,32.004547119140625,1828590
2024-09-27,32.08131790161133,2076669
2024-09-30,31.95656394958496,3001675
2024-10-01,32.11970901489258,1444439
2024-10-02,31.639881134033203,2254363
2024-10-03,31.678264617919922,1227237
2024-10-04,31.64947509765625,1224650
2024-10-07,31.659074783325195,798448
2024-10-08,31.563106536865234,1387444
2024-10-09,31.95656394958496,1213503
2024-10-10,31.879793167114258,1766016
2024-10-11,31.726247787475586,1252732
2024-10-14,31.668668746948242,1323390
2024-10-15,31.62068748474121,1967607
2024-10-16,31.20803451538086,2235774
2024-10-17,31.284805297851562,2680349
2024-10-18,31.38077163696289,1938394
2024-10-21,31.48633575439453,2334074
2024-10-22,31.22722816467285,1451623
2024-10-23,31.71664810180664,2057971
2024-10-24,31.88939094543457,2144446
2024-10-25,31.371173858642578,1951740
2024-10-28,31.419158935546875,1273319
2024-10-29,31.48633575439453,1988342
2024-10-30,29.5670223236084,7002896
2024-10-31,28.751310348510742,6887659
2024-11-01,28.597766876220703,3853608
2024-11-04,28.68413543701172,2143513
2024-11-05,28.44422149658203,2285875
2024-11-06,28.482608795166016,2261860
2024-11-07,28.44422149658203,3172051
2024-11-08,28.645751953125,1873822
2024-11-11,28.319467544555664,2186558
2024-11-12,28.377046585083008,1546506
2024-11-13,28.127534866333008,2114907
2024-11-14,28.021974563598633,2045113
2024-11-15,28.213903427124023,1720422
2024-11-18,28.712926864624023,1836187
2024-11-19,28.981632232666016,2066250
2024-11-20,28.924049377441406,2415893
2024-11-21,28.674541473388672,1587651
2024-11-22,28.68413543701172,2301383
2024-11-25,28.712926864624023,3813569
2024-11-26,28.78969955444336,2240331
2024-11-27,28.981632232666016,1394997
2024-11-28,29.125579833984375,2041119
2024-11-29,28.962438583374023,1558315
2024-12-02,29.096790313720703,1831821
2024-12-03,28.991226196289062,2609322
2024-12-04,28.770503997802734,2565111
2024-12-05,29.000822067260742,2332927
2024-12-06,28.712926864624023,2646898
2024-12-09,29.020015716552734,1794975
2024-12-10,29.115983963012695,1783938
2024-12-11,29.077594757080078,1375550
2024-12-12,29.096790313720703,1595209
2024-12-13,29.1927547454834,1383889
2024-12-16,29.384685516357422,2101655
2024-12-17,29.576618194580078,1930888
2024-12-18,29.557424545288086,2163024
2024-12-19,29.163963317871094,2989057
2024-12-20,28.962438583374023,4668255
2024-12-23,29.144771575927734,996271
2024-12-24,29.163963317871094,548940
2024-12-27,29.279125213623047,900945
2024-12-30,29.269529342651367,659932
2024-12-31,29.259931564331055,668583
2025-01-02,29.24073600769043,800383
2025-01-03,29.461458206176758,1011794
2025-01-06,29.461458206176758,1115331
2025-01-07,29.24073600769043,1520574
2025-01-08,29.63419532775879,1919686
2025-01-09,29.3942813873291,962479
2025-01-10,29.048805236816406,1370471
2025-01-13,28.885663986206055,1884714
2025-01-14,28.924049377441406,1023613
2025-01-15,28.818490982055664,1250789
2025-01-16,28.84727668762207,1620486
2025-01-17,28.741716384887695,2149327
2025-01-20,28.972036361694336,1297843
2025-01-21,28.962438583374023,972797
2025-01-22,29.048805236816406,1556656
2025-01-23,28.597766876220703,1542622
2025-01-24,28.751310348510742,902114
2025-01-28,28.924049377441406,1895831
2025-01-29,29.048805236816406,2174381
2025-01-30,29.279125213623047,1976439
2025-01-31,29.23114013671875,2161572
2025-02-03,28.828086853027344,2186998
2025-02-04,28.55938148498535,1816338
2025-02-05,28.377046585083008,2013417
2025-02-06,28.50180435180664,1972198
2025-02-07,28.712926864624023,1651530
2025-02-10,28.78969955444336,1226644
2025-02-11,28.856874465942383,1289857
2025-02-12,29.163963317871094,2597425
2025-02-13,29.039209365844727,1954832
2025-02-14,29.547828674316406,2197481
2025-02-17,29.63419532775879,1717092
2025-02-18,29.538230895996094,1684346
2025-02-19,29.317508697509766,2011887
2025-02-20,29.269529342651367,2738309
2025-02-21,29.461458206176758,2701049
2025-02-24,29.989269256591797,3215121
2025-02-25,30.286762237548828,3423341
2025-02-26,29.36549186706543,5456118
2025-02-27,29.461458206176758,2871166
2025-02-28,28.799297332763672,5942443
2025-03-03,28.856874465942383,3917281
2025-03-04,28.68413543701172,2449774
2025-03-05,27.925708770751953,3395268
2025-03-06,27.702068328857422,3797160
2025-03-07,27.867366790771484,2085464
2025-03-10,27.750686645507812,1873977
2025-03-11,27.80902671813965,2935609
2025-03-12,27.40064239501953,2616050
2025-03-13,27.167280197143555,2477951
2025-03-14,27.108938217163086,2112445
2025-03-17,26.982534408569336,1869533
2025-03-18,27.36174774169922,2544404
2025-03-19,27.390918731689453,2662825
2025-03-20,27.371471405029297,3732614
2025-03-21,29.102243423461914,10308993
2025-03-24,28.616071701049805,2634476
2025-03-25,28.100730895996094,3255816
2025-03-26,28.577178955078125,2479199
2025-03-27,28.625795364379883,2942141
2025-03-28,28.956392288208008,2490021
2025-03-31,28.73275375366211,2058434
2025-04-01,29.04390525817871,2465237
2025-04-02,28.73275375366211,1857390
2025-04-03,29.277265548706055,2879724
2025-04-04,30.26905632019043,5350759
2025-04-07,30.14265251159668,6324962
2025-04-08,30.376012802124023,4330422
2025-04-09,30.298227310180664,3284293
2025-04-10,30.638545989990234,4406173
2025-04-11,30.735782623291016,3354004
2025-04-14,30.58020782470703,2324068
2025-04-15,30.03569221496582,3751821
2025-04-16,30.366289138793945,3002259
2025-04-17,30.66771697998047,1787662
2025-04-22,30.87190818786621,3108262
2025-04-23,30.774675369262695,2652003
2025-04-24,30.65799331665039,1667933
2025-04-28,30.862184524536133,2366246
2025-04-29,30.764951705932617,1687944
2025-04-30,30.69688606262207,2831853
2025-05-01,31.056655883789062,3566489
2025-05-02,31.776187896728516,4183379
2025-05-05,31.64006233215332,2151424
2025-05-06,31.58172035217285,1760917
2025-05-07,31.601167678833008,2490815
2025-05-08,31.922042846679688,3565678
2025-05-09,32.340145111083984,2764787
2025-05-12,31.863698959350586,3462092
2025-05-13,30.687162399291992,3748405
2025-05-14,30.638545989990234,2216244
2025-05-15,31.06637954711914,3001646
2025-05-16,31.06637954711914,3329705
2025-05-19,30.988590240478516,1674266
2025-05-20,30.988590240478516,2943868
2025-05-21,31.153888702392578,1710580
2025-05-22,31.017759323120117,1897464
2025-05-23,31.00803565979004,1878046
2025-05-26,31.00803565979004,1311675
2025-05-27,30.93025016784668,1763891
2025-05-28,30.852460861206055,1546875
2025-05-29,30.75522804260254,1584352
2025-05-30,30.96914291381836,7287949
2025-06-02,31.212228775024414,1564179
2025-06-03,31.474760055541992,1670838
2025-06-04,31.163610458374023,1870098
2025-06-05,31.114994049072266,2118045
2025-06-06,31.114994049072266,1457200
2025-06-10,31.037206649780273,1805838
2025-06-11,31.260847091674805,1737396
2025-06-12,31.27056884765625,2546292
2025-06-13,31.309463500976562,1757295
2025-06-16,30.9205265045166,1353114
2025-06-17,30.93025016784668,1335345
2025-06-18,31.017759323120117,2123894
2025-06-19,31.251123428344727,2365464
2025-06-20,30.93025016784668,5062276
2025-06-23,30.541311264038086,1608437
2025-06-24,30.687162399291992,1555648
2025-06-25,30.48297119140625,1612033
2025-06-26,30.58020782470703,1608151
2025-06-27,30.278779983520508,2847042
2025-06-30,30.249608993530273,2296209
2025-07-01,30.376012802124023,1913981
2025-07-02,30.638545989990234,4037432
2025-07-03,30.327396392822266,2150362
2025-07-04,30.51214027404785,870717
2025-07-07,30.57048225402832,848888
2025-07-08,30.162097930908203,2026817
2025-07-09,30.00652313232422,1319886
2025-07-10,30.298227310180664,1525266
2025-07-11,30.239885330200195,985065
2025-07-14,30.14265251159668,1124633
2025-07-15,30.463525772094727,1944371
2025-07-16,30.249608993530273,1488878
2025-07-17,30.1329288482666,2159701
2025-07-18,30.638545989990234,3121631
2025-07-21,30.366289138793945,1525742
2025-07-22,30.26905632019043,1283817
2025-07-23,30.3857364654541,1646981
2025-07-24,29.948183059692383,2474147
2025-07-25,29.802331924438477,1570043
2025-07-28,30.03569221496582,1328442
2025-07-29,30.09403419494629,1338690
2025-07-30,30.57048225402832,2686047
2025-07-31,30.638545989990234,2185683
2025-08-01,30.39546012878418,2238448
2025-08-04,30.803844451904297,1630479
2025-08-05,30.901081085205078,1603719
2025-08-06,30.87190818786621,1333973
2025-08-07,30.949695587158203,1576060
2025-08-08,30.638545989990234,1946619
2025-08-11,31.095548629760742,1457189
2025-08-12,31.24140167236328,2524400
2025-08-13,31.387250900268555,1262111
2025-08-14,31.58172035217285,5017514
2025-08-15,31.455312728881836,1483991
2025-08-18,31.52337646484375,1689192
2025-08-19,31.426143646240234,1099223
2025-08-20,31.834529876708984,2310252
2025-08-21,32.68046951293945,3183373
2025-08-22,32.20402145385742,3236537
2025-08-25,31.708126068115234,2742049
2025-08-26,32.49571990966797,4369585
2025-08-27,27.721515655517578,15711381
2025-08-28,27.556217193603516,8830171
2025-08-29,28.003494262695312,7317108
2025-09-01,27.954877853393555,3862126
2025-09-02,27.510366439819336,6333704
2025-09-03,26.81890296936035,6450538
2025-09-04,27.332561492919922,5525414
2025-09-05,27.253536224365234,3132349
2025-09-08,27.40170669555664,2951682
2025-09-09,27.283172607421875,3006576
2025-09-10,27.589391708374023,4974905
2025-09-11,27.559755325317383,3055181
2025-09-12,27.628902435302734,2150976
2025-09-15,27.72768211364746,3202343
2025-09-16,27.50048828125,2364060
2025-09-17,27.322683334350586,2440858
2025-09-18,27.154756546020508,3497237
2025-09-19,27.046096801757812,7138198
2025-09-22,26.957197189331055,1690306
2025-09-23,26.81890296936035,2611439
2025-09-24,26.650976181030273,3088688
2025-09-25,26.47317123413086,3438667
2025-09-26,26.463293075561523,2056299
2025-09-29,26.571950912475586,2097843
2025-09-30,26.374391555786133,2323275
2025-10-01,26.147193908691406,3247988
2025-10-02,26.245975494384766,3481673
2025-10-03,26.226219177246094,3373797
2025-10-06,26.06817054748535,2625852
2025-10-07,25.890365600585938,3910444
2025-10-08,25.70268440246582,4241622
2025-10-09,25.860733032226562,2710276
2025-10-10,25.77182960510254,4437508
2025-10-13,25.67304801940918,2138601
2025-10-14,25.594024658203125,4182737
2025-10-15,25.70268440246582,2394580
2025-10-16,26.186708450317383,4292249
2025-10-17,26.394145965576172,7637216
2025-10-20,26.463293075561523,2711513
2025-10-21,26.47317123413086,2889299
2025-10-22,26.42378044128418,2068511
2025-10-23,26.49292755126953,2568991
2025-10-24,26.394145965576172,2610195
2025-10-27,26.49292755126953,1807271
2025-10-28,26.6312198638916,3116536
2025-10-29,27.27329444885254,7668843
2025-10-30,28.18207359313965,8239312
2025-10-31,28.06353759765625,4903834
2025-11-03,27.875852584838867,2221374
2025-11-04,27.72768211364746,2218712
2025-11-05,27.777074813842773,2245176
2025-11-06,27.836341857910156,2348605
2025-11-07,27.954877853393555,1825085
2025-11-10,27.698049545288086,2112320
2025-11-11,27.915367126464844,1902593
2025-11-12,28.29073143005371,2198159
2025-11-13,27.836341857910156,1782701
2025-11-14,27.895610809326172,1426317
2025-11-17,27.80670738220215,1782994
2025-11-18,27.63878059387207,2495678
2025-11-19,27.530122756958008,2823138
2025-11-20,27.747440338134766,1968053
2025-11-21,27.73756217956543,4114680
2025-11-24,27.747440338134766,4291888
2025-11-25,27.609148025512695,1358166
2025-11-26,28.043779373168945,4091802
2025-11-27,28.053659439086914,1717837
2025-11-28,28.962438583374023,5336888
2025-12-01,28.90317153930664,2708463
2025-12-02,29.031585693359375,2136275
2025-12-03,29.061220169067383,1865989
2025-12-04,29.031585693359375,2266463
2025-12-05,29.011831283569336,1999332
2025-12-08,28.922927856445312,1271979
2025-12-09,28.962438583374023,1688369
2025-12-10,29.15999984741211,2991300
2025-12-11,29.031585693359375,2573709
2025-12-12,29.199512481689453,1885467
2025-12-15,29.07109832763672,2658627
2025-12-16,29.011831283569336,1976299
2025-12-17,28.83402442932129,2132033
2025-12-18,29.120487213134766,3444654
2025-12-19,28.962438583374023,5398713
2025-12-22,29.02170753479004,1251659
2025-12-23,29.02170753479004,986178
2025-12-24,28.94268226623535,820516
2025-12-29,28.873537063598633,761729
2025-12-30,29.011831283569336,974842
2025-12-31,29.02170753479004,986713
2026-01-02,29.07109832763672,776525
2026-01-05,28.94268226623535,1765244
2026-01-06,28.488292694091797,3297204
2026-01-07,28.97231674194336,1980052
2026-01-08,29.189634323120117,1822659
2026-01-09,29.713171005249023,3015048
2026-01-12,29.940364837646484,2521932
2026-01-13,29.79219627380371,2698587
2026-01-14,29.752683639526367,2704379
2026-01-15,29.831708908081055,2613075
2026-01-16,29.97987937927246,4324205
2026-01-19,30.08853530883789,1363471
2026-01-20,30.197195053100586,2885277
2026-01-21,30.108293533325195,1586913
2026-01-22,30.384878158569336,2039795
2026-01-23,30.009511947631836,2391124
2026-01-27,30.266342163085938,2178105
2026-01-28,30.039146423339844,2297931
2026-01-29,30.216951370239258,2592074
2026-01-30,30.56268310546875,3081640
2026-02-02,30.533048629760742,3049991
2026-02-03,30.6318302154541,2778142
2026-02-04,30.81951332092285,2483177
2026-02-05,31.22451400756836,3217491
2026-02-06,31.066465377807617,4664585
2026-02-09,31.254146575927734,1808662
2026-02-10,31.303537368774414,2120156
2026-02-11,31.362804412841797,1759819
2026-02-12,31.81719398498535,4125369
2026-02-13,31.55048942565918,2460389
2026-02-16,31.57024383544922,1826655
2026-02-17,31.57024383544922,1506221
2026-02-18,31.55048942565918,1112859
2026-02-19,31.57024383544922,2275713
2026-02-20,30.849145889282227,3403061
2026-02-23,30.928171157836914,1634384
2026-02-24,31.155366897583008,2310002
2026-02-25,35.19548797607422,10229591
2026-02-26,35.906707763671875,5728056
2026-02-27,35.56097412109375,6456150
2026-03-02,36.23268508911133,2932721
2026-03-03,36.45000076293945,2901601
2026-03-04,35.939998626708984,5005297
2026-03-05,35.91999816894531,4695522
2026-03-06,35.9900016784668,3607686
2026-03-09,34.9900016784668,4828153
2026-03-10,35.290000915527344,2523469
2026-03-11,35.81999969482422,3263288
2026-03-12,35.869998931884766,3122047
2026-03-13,35.72999954223633,2529889
2026-03-16,36.04999923706055,2642449
2026-03-17,35.83000183105469,2060582
2026-03-18,36.02000045776367,2359491
2026-03-19,36.7400016784668,3629433
2026-03-20,36.41999816894531,5698893
2026-03-23,36.47999954223633,1726733
2026-03-24,36.380001068115234,1801448
2026-03-25,36.380001068115234,2424324
2026-03-26,36.369998931884766,2022499
2026-03-27,36.25,2131783
2026-03-30,36.68000030517578,2231224
2026-03-31,36.40999984741211,3248045
2026-04-01,36.54999923706055,2846102
2026-04-02,37.0099983215332,3070191
2026-04-07,37.52000045776367,2194338
2026-04-08,36.779998779296875,3806775
2026-04-09,37.18000030517578,2438993
2026-04-10,36.83000183105469,2904122
2026-04-13,37.15999984741211,2401251
2026-04-14,37.06999969482422,2127832
2026-04-15,36.75,2805155
2026-04-16,36.77000045776367,2388044
2026-04-17,36.790000915527344,3126654
2026-04-20,37.4900016784668,1751648
2026-04-21,37.81999969482422,2067594
2026-04-22,38.150001525878906,2662783
2026-04-23,37.88999938964844,2062225
2026-04-24,37.88999938964844,1308231
2026-04-27,37.689998626708984,1169772
2026-04-28,37.5,2223832
2026-04-29,37.290000915527344,2046614
2026-04-30,34.38999938964844,8889906
2026-05-01,34.150001525878906,3440868
2026-05-04,33.88999938964844,2216847
2026-05-05,34.16999816894531,2619401
2026-05-06,33.849998474121094,2648632
2026-05-07,34.15999984741211,3327276
2026-05-08,33.599998474121094,2802666
2026-05-11,33.5,1519917
2026-05-12,32.93000030517578,2450814
2026-05-13,32.959999084472656,1742167
2026-05-14,32.540000915527344,2165545
2026-05-15,32.97999954223633,1831910
2026-05-18,32.97999954223633,2035718
2026-05-19,34.209999084472656,3050303
2026-05-20,34.43000030517578,1940579
2026-05-21,34.4900016784668,1888934
2026-05-22,34.68000030517578,3032388
